{"cameraMode":{"drawMode":0,"name":"Shaded","section":"Shading Mode"},"sceneLighting":true,"audioPlay":false,"sceneViewState":{"m_AlwaysRefresh":false,"showFog":true,"showSkybox":true,"showFlares":true,"showImageEffects":true,"showParticleSystems":true,"showVisualEffectGraphs":true,"m_FxEnabled":true},"in2DMode":false,"pivot":{"x":13.005521774291993,"y":2.4525954723358156,"z":-100.85807800292969},"rotation":{"x":0.020142270252108575,"y":-0.9739013314247131,"z":0.09709951281547547,"w":0.20515470206737519},"size":8.470948219299317,"orthographic":false}