{"cameraMode":{"drawMode":0,"name":"Shaded","section":"Shading Mode"},"sceneLighting":true,"audioPlay":false,"sceneViewState":{"m_AlwaysRefresh":false,"showFog":true,"showSkybox":true,"showFlares":true,"showImageEffects":true,"showParticleSystems":true,"showVisualEffectGraphs":true,"m_FxEnabled":true},"in2DMode":false,"pivot":{"x":151.51766967773438,"y":0.6556078791618347,"z":-24.117252349853517},"rotation":{"x":0.11290523409843445,"y":0.6758173704147339,"z":-0.10586800426244736,"w":0.7206531167030335},"size":29.00189971923828,"orthographic":false}